Index,Customer Id,First Name,Last Name,Company,City,Country,Phone 1,Phone 2,Email,Subscription Date,Website
16599308,2a0c691Ce19C6f3,Amy,Martin,"Leonard, Galvan and Blackburn",Ashleyland,Kiribati,(217)474-0312,258-909-0610x19885,daniel42@example.net,2021-12-26,https://reynolds.com/
16007584,82dDB5e20CAA2Ce,Kathryn,Price,Sheppard-Dougherty,Robertchester,Western Sahara,983.760.9410x39862,975.082.6989,michaelscott@example.net,2020-05-08,https://newman-townsend.com/
13537986,bc9e98FC8e31fB2,James,Holloway,Coleman LLC,South Garrettfort,Liechtenstein,(217)474-0312,956-581-1775x97257,anthonyavila@example.com,2020-10-03,https://www.meyer.com/
15217923,d1c0dFab10a8383,Donald,Contreras,"Rasmussen, Bauer and Lyons",Amandabury,Uzbekistan,001-858-762-7896x916,556.917.6571,sarahbaker@example.com,2020-02-26,https://newman-townsend.com/
2372076,43EB011d4A5af36,Daniel,Martin,Duffy Inc,Port Joshua,China,001-259-817-5012,(718)053-0418x55398,rluna@example.com,2020-06-26,https://arnold.com/
13644156,B58fecf82f997Dd,Christian,Nguyen,"Sandoval, Parker and Mcdowell",North Kimberly,China,+1-598-879-1279x72499,5786415664,gabriel38@example.org,2020-07-21,http://www.vargas.biz/
11766802,7008F9538b6e3e4,Jessica,Harris,Stewart-Flynn,New Keithview,Western Sahara,983.760.9410x39862,+1-875-299-7166,parsonsmary@example.org,2020-04-24,http://www.kennedy-edwards.biz/
8239775,2a0c691Ce19C6f3,Carrie,Gonzales,Burns and Sons,Shellymouth,Kiribati,(217)474-0312,+1-061-038-8564x38648,bchristian@example.com,2022-02-13,https://reynolds.com/
2551759,60d62d8Dbb23C3B,Nicholas,Hart,Duffy Inc,South Amber,China,001-004-280-4158x3147,+1-006-698-5103x18954,andrew81@example.com,2020-10-12,https://arnold.com/
6483589,60d62d8Dbb23C3B,Paula,Ruiz,"Mayo, Buchanan and Owen",West Andrewmouth,China,001-004-280-4158x3147,(101)040-3927x72927,justin18@example.com,2020-09-22,https://arnold.com/
11501903,0F2E0b5850404A8,Lisa,Payne,"Giles, Kerr and Stafford",Simpsonfort,Liechtenstein,001-004-280-4158x3147,(718)053-0418x55398,michaeljones@example.com,2020-08-23,https://arnold.com/
16559055,0F2E0b5850404A8,Raymond,Jackson,"Giles, Kerr and Stafford",Brownchester,Liechtenstein,001-004-280-4158x3147,956-581-1775x97257,lauren04@example.net,2022-03-07,https://arnold.com/
15529194,8799Bb0d0eF9F7b,Sherry,Allen,"Leonard, Galvan and Blackburn",Brandonville,Liechtenstein,(217)474-0312,139-216-5379x6030,erin52@example.org,2022-01-08,https://washington.com/
5689908,aB3351247D3fCD8,Daniel,Barnes,"Day, Wiley and Mclaughlin",Carolview,China,170-094-5436x7579,+1-006-698-5103x18954,cherylalvarez@example.org,2020-06-07,https://www.kerr.com/
16533587,aAa1EDfaA70DA0c,Matthew,Reed,"Macdonald, Byrd and Williams",Michaelhaven,China,(976)996-6527x679,+1-562-845-1571x407,christian62@example.com,2020-09-05,https://rhodes-ellison.org/
5370783,3b3Aa4aCc68f3Be,David,Wheeler,"Cherry, Schultz and Ruiz",Robertborough,Liechtenstein,001-433-237-3081x336,956-581-1775x97257,angela41@example.org,2020-10-03,https://arnold.com/
8901774,dFe34eAb8614AC0,William,Long,"Mayo, Buchanan and Owen",North James,China,001-004-280-4158x3147,956-581-1775x97257,jason31@example.org,2020-07-15,https://www.kerr.com/
2958351,aB3351247D3fCD8,Lauren,Cole,"French, Travis and Hensley",Thomasfort,China,524-391-9866,(626)644-4777x075,qoliver@example.org,2020-06-14,http://www.goodwin.com/
12113591,6BdF3DBf9BcD353,Melissa,Russell,"Leonard, Galvan and Blackburn",Elizabethberg,Kiribati,(217)474-0312,(098)195-0840x79579,cindy85@example.org,2022-01-02,https://www.estrada.biz/
3127852,f1157011c5eDbEB,Jeremy,Bailey,Hays-Howell,Woodsville,Reunion,828.230.1201x748,(756)521-2942,andrewkidd@example.net,2020-04-20,http://www.booth-reese.biz/
7863031,dE014d010c7ab0c,Gene,Martinez,Bailey Group,Gatesbury,China,846-790-4623x4715,5786415664,xdouglas@example.com,2020-07-12,http://www.kennedy-edwards.biz/
14113124,aB3351247D3fCD8,Diana,Clark,Duffy Inc,Kleinburgh,China,001-259-817-5012,+1-006-698-5103x18954,dawn17@example.com,2020-06-21,http://www.mcneil.net/
1364632,8aaa5d0CE9ee311,Kelly,Bass,"Peck, Nicholson and Knox",Port Russell,Sudan,524-391-9866,(626)644-4777x075,marybryant@example.org,2020-11-30,http://www.kaufman.org/
7560725,bc9e98FC8e31fB2,Janice,Boyd,"Leonard, Galvan and Blackburn",Gainesstad,China,(217)474-0312,(098)195-0840x79579,sanchezamy@example.com,2021-01-03,https://hatfield-huff.biz/
518153,60d62d8Dbb23C3B,Benjamin,Lopez,"Giles, Kerr and Stafford",Lake Martha,China,001-004-280-4158x3147,(718)053-0418x55398,lisahayes@example.net,2020-03-07,https://arnold.com/
6796806,7c4c673af703a09,Jamie,Taylor,Cohen-Copeland,Thomashaven,Western Sahara,810-349-3016,001-221-413-5502x8170,jacobsmary@example.net,2021-02-14,https://www.garcia.com/
11395167,DA7b906C5aF71d5,Manuel,Shepherd,"Leonard, Galvan and Blackburn",Jeffreyhaven,Kiribati,(217)474-0312,(098)195-0840x79579,ericbrooks@example.net,2022-03-04,https://reynolds.com/
3839164,82dDB5e20CAA2Ce,Gina,Rodriguez,"Rasmussen, Bauer and Lyons",Port Jesse,United Arab Emirates,001-070-431-1693x963,556.917.6571,george82@example.org,2020-06-01,http://www.richmond.com/
2831674,0F2E0b5850404A8,Christopher,Douglas,"Giles, Kerr and Stafford",Wrightchester,Liechtenstein,001-004-280-4158x3147,(101)040-3927x72927,michaelholland@example.org,2020-08-30,https://arnold.com/
14835606,dFe34eAb8614AC0,Spencer,Lowery,"Mayo, Buchanan and Owen",Matthewmouth,China,104.566.7360x8307,956-581-1775x97257,pamelaoliver@example.com,2020-05-22,https://arnold.com/
120901,37E3234CC7F8da4,Theresa,Roberson,Coleman LLC,South James,Liechtenstein,(534)969-8263,956-581-1775x97257,randall66@example.com,2020-12-10,https://www.meyer.com/
12856803,60d62d8Dbb23C3B,Katie,Hoffman,"Mayo, Buchanan and Owen",Robinsonbury,China,001-004-280-4158x3147,(101)040-3927x72927,hperry@example.org,2020-09-12,https://arnold.com/
10682808,60d62d8Dbb23C3B,Sandra,Hill,"Giles, Kerr and Stafford",Fryhaven,China,001-004-280-4158x3147,+1-119-081-0962,gouldjohn@example.net,2020-06-28,https://arnold.com/
3198219,5DcB42c2f8fBfb5,Lauren,White,"Leonard, Galvan and Blackburn",Charlotteborough,Liechtenstein,938.501.2065x13955,139-216-5379x6030,coopereduardo@example.com,2020-10-13,https://washington.com/
3337278,2413aA72C4DEadF,Christian,Mathis,"Macdonald, Byrd and Williams",Christensenland,China,001-004-280-4158x3147,+1-562-845-1571x407,brittneygonzalez@example.net,2020-05-22,http://www.mcneil.net/
3852606,60d62d8Dbb23C3B,Rita,Schmitt,"Mayo, Buchanan and Owen",East Donaldhaven,China,001-004-280-4158x3147,(101)040-3927x72927,vmurphy@example.net,2020-11-14,https://arnold.com/
13965978,3d7bE19696ea8Ff,Carlos,Ferrell,"Giles, Kerr and Stafford",Port Jessicaside,China,(047)752-3122,(718)053-0418x55398,alexis00@example.com,2020-09-27,http://www.mcneil.net/
3663767,B1A1b09CD5C3b6a,Barbara,Smith,Stewart-Flynn,Brucemouth,China,(140)862-2659,+1-875-299-7166,shepherdemily@example.net,2020-04-12,http://www.kennedy-edwards.biz/
5140255,2413aA72C4DEadF,Brandy,Simmons,"Macdonald, Byrd and Williams",Stephanieview,China,(976)996-6527x679,+1-875-299-7166,swansonrobert@example.com,2020-05-06,https://rhodes-ellison.org/
12015511,f1157011c5eDbEB,Norma,Hays,"Sandoval, Parker and Mcdowell",Williamsfurt,China,001-534-283-5153,+1-853-024-8504x9171,erikaallen@example.net,2020-04-16,http://www.shea.biz/
9233604,06CF1Fcd5863dF6,Angela,Campos,"Leonard, Galvan and Blackburn",Keithfurt,Liechtenstein,(217)474-0312,+1-646-938-3344,devin33@example.net,2021-12-17,https://www.joyce.com/
8958566,2a0c691Ce19C6f3,Jennifer,Jacobson,"Mayo, Buchanan and Owen",Jessicahaven,China,(217)474-0312,001-573-469-2316x88660,freemanmelissa@example.org,2020-05-27,https://hatfield-huff.biz/
5567796,dE014d010c7ab0c,Tyler,Reyes,Bailey Group,Kelleyfort,China,828.230.1201x748,+1-875-299-7166,kevin79@example.com,2020-05-20,http://www.shea.biz/
3457841,d794Dd48988d2ac,Courtney,Porter,Stewart-Flynn,Haynesmouth,China,846-790-4623x4715,5786415664,trussell@example.com,2020-09-14,http://www.shea.biz/
490606,37E3234CC7F8da4,Gregory,Giles,"Escobar, Adams and Huber",Port Wayneland,Kiribati,8092572517,189-231-9202,carneymichael@example.net,2022-01-08,http://webb-barnes.info/
5984841,DA7b906C5aF71d5,Krista,Johnson,"Leonard, Galvan and Blackburn",Clarkmouth,Liechtenstein,(217)474-0312,115-835-3840,toddhoward@example.com,2020-12-13,https://reynolds.com/
4710436,5DcB42c2f8fBfb5,Amy,Mccall,"Ritter, Fox and English",North Valeriestad,Fiji,(217)474-0312,139-216-5379x6030,jimenezamanda@example.net,2021-12-15,http://noble-beard.com/
16007921,aAa1EDfaA70DA0c,Shelly,Lewis,"Macdonald, Byrd and Williams",Lake Sandrastad,China,001-004-280-4158x3147,973-767-3611,glewis@example.com,2020-08-01,https://arnold.com/
13603352,6BdF3DBf9BcD353,Jorge,Patel,Bates LLC,South Christopher,Uganda,374-961-9091x6048,+1-061-038-8564x38648,probinson@example.org,2021-01-27,https://washington.com/
15600935,60d62d8Dbb23C3B,Isaiah,Mclean,"Giles, Kerr and Stafford",Bridgetfurt,Nigeria,001-004-280-4158x3147,(718)053-0418x55398,smithkathleen@example.net,2021-10-15,https://arnold.com/
9769892,aAa1EDfaA70DA0c,William,Burke,"Macdonald, Byrd and Williams",South John,China,001-648-790-9244,+1-875-299-7166,tprice@example.org,2020-06-09,https://rhodes-ellison.org/
13077561,2413aA72C4DEadF,Marie,Parsons,"Macdonald, Byrd and Williams",West Denise,China,(976)996-6527x679,+1-875-299-7166,santanacarolyn@example.net,2020-07-19,http://www.kennedy-edwards.biz/
15355072,dE014d010c7ab0c,Andrea,Freeman,"Rangel, Livingston and Patel",West Amy,China,(140)862-2659,+1-875-299-7166,ashleygallegos@example.org,2020-04-30,http://www.vargas.biz/
12661163,A093aA90fa014FE,Crystal,Larsen,Oneal and Sons,Dunnport,China,+1-321-505-4969,(756)521-2942,scott49@example.net,2020-06-13,https://www.farrell.com/
12626867,a3FdF7Ae5E60BaD,Travis,Ramirez,"Macdonald, Byrd and Williams",South Anthony,China,+1-205-528-2409x137,(626)644-4777x075,osanchez@example.net,2020-10-27,http://www.goodwin.com/
12585049,2D0F54Cc8D96Ad0,Michael,Guzman,Gomez-Tapia,Sarahville,Uganda,001-062-757-0468x5881,629-157-7866x510,jonesmaria@example.org,2020-12-28,https://www.willis-todd.net/
14038613,aB3351247D3fCD8,Caleb,Guerra,"Macdonald, Byrd and Williams",New Miranda,China,001-004-280-4158x3147,8018224814,martin63@example.com,2020-07-30,https://rhodes-ellison.org/
4614698,37E3234CC7F8da4,Emily,Nielsen,Howard Group,Christopherfurt,Liechtenstein,(780)249-8976,001-573-469-2316x88660,carrchristopher@example.org,2020-09-29,https://www.joyce.com/
15592926,DA7b906C5aF71d5,Michele,Rivera,"Leonard, Galvan and Blackburn",South Stephanieside,China,(217)474-0312,001-573-469-2316x88660,tiffanydavis@example.com,2022-03-25,https://reynolds.com/
14213834,A093aA90fa014FE,Kelly,Castillo,Oneal and Sons,Barrhaven,China,+1-321-505-4969,(626)644-4777x075,scottgrant@example.com,2020-09-29,https://www.farrell.com/
12073614,82dDB5e20CAA2Ce,Denise,Mendez,"Rasmussen, Bauer and Lyons",Port Donaldbury,China,001-070-431-1693x963,512-677-4453,draymond@example.com,2020-04-30,http://www.tran-juarez.net/
16259921,06CF1Fcd5863dF6,Amanda,Mccall,Howard Group,Jamieborough,Kiribati,8092572517,(098)195-0840x79579,deniseblair@example.com,2021-02-13,https://www.joyce.com/
8055084,37E3234CC7F8da4,Gabriel,Moss,Coleman LLC,New Kristopher,Liechtenstein,813.263.6136,956-581-1775x97257,jose35@example.net,2022-01-01,https://arnold.com/
11754489,d794Dd48988d2ac,Andrew,Li,Oneal and Sons,North Seanborough,China,(335)987-3085x3780,5786415664,timothy08@example.net,2020-03-16,https://www.williams-mclaughlin.org/
7772702,d794Dd48988d2ac,Melissa,Moyer,"Rangel, Livingston and Patel",Bradyside,China,+1-598-879-1279x72499,+1-875-299-7166,irodgers@example.org,2020-09-11,http://www.vargas.biz/
2427253,DDCCa6daDFBAFbc,Robert,Hughes,Coleman LLC,West Samuel,Liechtenstein,001-004-280-4158x3147,(718)053-0418x55398,smithangela@example.org,2020-06-10,http://www.marks-ray.info/
3410274,bc9e98FC8e31fB2,Joshua,Bender,Brady Inc,Maldonadoborough,China,(217)474-0312,(098)195-0840x79579,rodriguezlaura@example.com,2020-11-07,https://reynolds.com/
6175700,60d62d8Dbb23C3B,Dennis,Carr,"Giles, Kerr and Stafford",Lake Allison,China,001-004-280-4158x3147,(718)053-0418x55398,nlopez@example.com,2020-07-07,https://arnold.com/
3893269,eE5F91Bf27BE6DC,Meghan,Bullock,Stewart-Flynn,Port Joel,United Arab Emirates,(140)862-2659,(422)787-2331x71127,judystewart@example.com,2020-06-03,http://www.shea.biz/
1022889,3d7bE19696ea8Ff,Crystal,Green,Duffy Inc,Davisbury,China,001-259-817-5012,(718)053-0418x55398,rroberts@example.org,2020-07-28,http://www.mcneil.net/
9321706,dE014d010c7ab0c,Danielle,Fernandez,Stewart-Flynn,Vanessahaven,China,846-790-4623x4715,+1-044-143-4194x927,harrisonricky@example.net,2020-07-25,http://www.shea.biz/
11225264,A093aA90fa014FE,Tyler,Luna,"Macdonald, Byrd and Williams",Glennton,China,(976)996-6527x679,973-767-3611,rebecca30@example.com,2020-05-19,https://cordova.com/
8583021,7008F9538b6e3e4,Brittany,Herrera,"Rangel, Livingston and Patel",Turnerborough,Western Sahara,983.760.9410x39862,975.082.6989,rubiopeter@example.org,2020-08-20,http://www.kennedy-edwards.biz/
8980308,6fF3de1DDbeAaE9,Robert,Browning,Lane Ltd,Parksfurt,Nigeria,(780)249-8976,001-573-469-2316x88660,taylorgary@example.net,2020-11-06,https://hatfield-huff.biz/
7896730,aB3351247D3fCD8,Shannon,Johnson,"Macdonald, Byrd and Williams",North Laura,China,001-004-280-4158x3147,+1-006-698-5103x18954,lrandall@example.net,2020-10-11,https://rhodes-ellison.org/
16316752,1cE4BEcB6F2D2C3,Steven,Olson,Winters-Cohen,South Andrewhaven,Sudan,001-259-817-5012,(626)644-4777x075,kimberlycooper@example.com,2020-05-03,https://cordova.com/
6919267,37E3234CC7F8da4,Candace,Monroe,"Escobar, Adams and Huber",New Anthonyborough,Kiribati,813.263.6136,189-231-9202,whitepaul@example.org,2020-07-31,https://reynolds.com/
663580,610e5F3baCbd25c,David,Ellis,"Giles, Kerr and Stafford",Garnermouth,Liechtenstein,115-772-1697,(751)980-3163,erichuynh@example.com,2020-07-22,https://choi.com/
11562846,06CF1Fcd5863dF6,Caroline,Miller,"Leonard, Galvan and Blackburn",Edwardland,Liechtenstein,8092572517,(098)195-0840x79579,wwallace@example.com,2021-12-08,https://reynolds.com/
3905394,60d62d8Dbb23C3B,Tara,Roberts,Coleman LLC,Shannonstad,China,001-004-280-4158x3147,(718)053-0418x55398,morganneal@example.com,2021-12-16,https://arnold.com/
15645413,37E3234CC7F8da4,Rachel,Thomas,Coleman LLC,New Thomas,Liechtenstein,001-433-237-3081x336,956-581-1775x97257,tammyli@example.net,2020-06-02,https://www.meyer.com/
9632101,2a0c691Ce19C6f3,Adam,Keller,"Leonard, Galvan and Blackburn",New Pamelaburgh,China,001-004-280-4158x3147,(101)040-3927x72927,johnperez@example.com,2022-01-20,https://arnold.com/
15954002,D02c86e781bA06f,Christina,Pruitt,Calderon Ltd,South Charlesland,Uganda,296-297-8174x50153,629-157-7866x510,joebarnes@example.net,2020-10-18,https://www.huber.info/
1929386,d794Dd48988d2ac,Tonya,Fox,Bailey Group,North Davidport,China,(335)987-3085x3780,512-677-4453,duffylogan@example.net,2020-02-21,http://www.richmond.com/
13796326,aAa1EDfaA70DA0c,Stephanie,Gibbs,"Macdonald, Byrd and Williams",Johnton,China,(976)996-6527x679,+1-875-299-7166,bentonjessica@example.net,2020-10-20,http://www.goodwin.com/
2531652,06CF1Fcd5863dF6,Tiffany,Mack,"Leonard, Galvan and Blackburn",Stevensstad,Kiribati,(217)474-0312,001-573-469-2316x88660,deborah16@example.org,2022-01-20,https://reynolds.com/
8455886,60d62d8Dbb23C3B,Courtney,Gray,Coleman LLC,Danielfurt,China,001-004-280-4158x3147,(718)053-0418x55398,palmerraymond@example.com,2021-11-25,https://arnold.com/
1704697,3d7bE19696ea8Ff,Denise,Freeman,"Giles, Kerr and Stafford",West Craigville,China,001-004-280-4158x3147,(101)040-3927x72927,christinaking@example.com,2020-07-03,https://arnold.com/
11808145,c5CB6C5bFB91fdC,Lauren,Davis,Giles LLC,New John,Uganda,+1-797-864-3151x25142,139-216-5379x6030,isabel49@example.com,2020-10-13,https://washington.com/
14748827,eE5F91Bf27BE6DC,James,Rodriguez,Roberts-Heath,Lake Renee,United Arab Emirates,(198)286-0649x642,1810375857,jessica75@example.net,2020-02-25,http://www.booth-reese.biz/
5205400,1cE4BEcB6F2D2C3,Andrew,French,"Giles, Kerr and Stafford",Emilyhaven,Sudan,001-259-817-5012,(626)644-4777x075,pam12@example.org,2020-08-30,https://cordova.com/
9580193,60d62d8Dbb23C3B,Rachel,Byrd,"Giles, Kerr and Stafford",North Kyle,China,+1-205-528-2409x137,(718)053-0418x55398,ywoods@example.com,2020-10-07,http://www.mcneil.net/
12469328,60d62d8Dbb23C3B,Christopher,Tran,Coleman LLC,Stephaniemouth,China,001-004-280-4158x3147,956-581-1775x97257,john98@example.com,2020-10-08,https://www.meyer.com/
15052525,60d62d8Dbb23C3B,Jeffery,Barnes,"Mayo, Buchanan and Owen",West Doris,China,001-004-280-4158x3147,(718)053-0418x55398,qhamilton@example.net,2020-08-23,https://arnold.com/
7080332,aAa1EDfaA70DA0c,Amber,Stewart,Duffy Inc,Zacharyshire,China,001-648-790-9244,(626)644-4777x075,cporter@example.org,2020-06-19,https://www.kerr.com/
7380881,60d62d8Dbb23C3B,Shawn,Soto,"Giles, Kerr and Stafford",New Crystalmouth,China,001-004-280-4158x3147,(098)195-0840x79579,kevin63@example.net,2021-02-23,https://arnold.com/
15983009,bc9e98FC8e31fB2,Suzanne,Byrd,"Leonard, Galvan and Blackburn",West Derrick,China,001-004-280-4158x3147,115-835-3840,williamscatherine@example.com,2020-10-22,http://www.burke-glover.com/
2118541,eE5F91Bf27BE6DC,Timothy,Evans,"Rangel, Livingston and Patel",New Roberttown,China,001-534-283-5153,5786415664,collinsmichael@example.org,2020-03-26,http://www.booth-reese.biz/
3662827,a3FdF7Ae5E60BaD,Sheri,Mendoza,Duffy Inc,East Ashleytown,China,001-259-817-5012,(718)053-0418x55398,torreskristen@example.org,2020-11-07,http://www.mcneil.net/
13149016,60d62d8Dbb23C3B,Jeanette,Bryant,"Mayo, Buchanan and Owen",Farmerborough,China,001-004-280-4158x3147,(718)053-0418x55398,bbutler@example.com,2020-07-13,http://www.mcneil.net/
